Company Name,Email Domain,Email,Source
7 Steel UK,celsauk.com,queries@celsauk.com,Bar UK
AG Siderurgica Balboa S.A.,,,Eurofer
AG der Dillinger Hüttenwerke,dillinger.biz,info@dillinger.biz,Eurofer
AGSI (ICAD II),agsi.ae,chatterjee.d@agsi.ae,Cares UK
AGSI HFZ Plant,agsi.ae,aakif.m@agsi.ae,Cares UK
AL TILAL STEEL COMPANY LIMITED,tilalsteel.com,magad@tilalsteel.com,Cares UK
ALPA,rivagroup.com,alexandre.godard@rivagroup.com,Cares UK
AMCLN,www.arcelormittalcln.com,,Eurometal
AMDS,europe.arcelormittal.com,,Eurometal
AMSCI,amsci.us,,Eurometal
ARDIMET,www.ardimet.ro,,Eurometal
ARGE-SMD,www.wko.at,,Eurometal
ARMATURIS,samt.fr,r.hamissi@samt.fr,Cares UK
ARMF Avonmouth Bristol,laingorourke.com,pholland@laingorourke.com,Cares UK
ASSOFERMET (IT),www.assofermet.it,,Eurometal
Acciaieria Arvedi S.p.A.,arvedi.it,info@arvedi.it,Eurofer
Acciaierie Venete S.p.A. Dolcé,acciaierievenete.com,soardo.francesco@acciaierievenete.com,Cares UK
Acciaierie Venete S.p.A. Mura,acciaierievenete.com,bazzoli.pierantonio@acciaierievenete.com,Cares UK
Acciaierie Venete S.p.A. Odolo,acciaierievenete.com,pelizzari.ivano@acciaierievenete.com,Cares UK
Acciaierie Venete S.p.A. Sarezzo,acciaierievenete.com,bianchetti.fabio@acciaierievenete.com,Cares UK
Acciaierie d’Italia S.p.A.,legalmail.it,adit@legalmail.it,Eurofer
Acerinox SA,acerinox.com,,Eurofer
Aceros Inoxidables Olarra SA,olarra.com,Inigo.arriola@olarra.com,Cares UK
Aciers Grosjean,www.aciersgrosjean.be/fr,,Eurometal
African Foundries Limited,africanindustries.com,s.singh@africanindustries.com,Cares UK
Akdemir Celik Sanayi Ve Ticaret A.S,akdemircelik.com.tr,s.cinar@akdemircelik.com.tr,Cares UK
Akela Ground Engineering Limited,akelagroundengineering.co.uk,Will.payne@akelagroundengineering.co.uk,Cares UK
Al Ezz Dekheila Steel Company-Alexandria (S.A.E),ezzsteel.com.eg,yfathalah@ezzsteel.com.eg,Cares UK
Al Ittefaq Steel Products Company - Makkah,altuwairqi.com,dowla@altuwairqi.com,Cares UK
Al Jazeera Steel Products Co. S.A.O.G ( Oman ),jazeerasteel.com,r.chitte@jazeerasteel.com,Cares UK
Al Kawther Steel W.L.L,alkawthersteel.com,director@alkawthersteel.com,Cares UK
Al Qataria for Production of Reinforcing Steel,alqataria-steel.com,info@alqataria-steel.com,Cares UK
Al Rajhi Steel Industries Co. Ltd. Jeddah Western Region,rajhisteel.com,gadalla@rajhisteel.com,Cares UK
Aliaga Kiliclar Demir Celik Tesisi,kiliclar.com.tr,a.cakar@kiliclar.com.tr,Cares UK
All Steels Trading Ltd,allsteelstrading.co.uk,scarlettr@allsteelstrading.co.uk,Cares UK
Alliance Steel (M) Sdn Bhd,alliancesteel.com.my,binzheng@alliancesteel.com.my,Cares UK
Almet Trading UK Limited,almettrading.com,e.jamalli@almettrading.com,Cares UK
Ann Joo Steel Berhad,annjoo.com.my,mohamad.shahrizal.mt.isa@annjoo.com.my,Cares UK
Aperam,aperam.com,,Eurofer
Aptus Construction Systems Pty Ltd,aptus.systems,norm@aptus.systems,Cares UK
ArcelorMittal Espana,arcelormittal.com,pablo.mateos@arcelormittal.com,Cares UK
ArcelorMittal Group,arcelormittal.com,,Eurofer
ArcelorMittal Hamburg GmbH,arcelormittal.com,peter.kehl@arcelormittal.com,Cares UK
ArcelorMittal International,sections.arcelormittal.com,,Eurometal
ArcelorMittal Kent Wire Limited,amcs.uk.net,David@amcs.uk.net,Cares UK
ArcelorMittal Kent Wire Limited,arcelormittalkentwire.co.uk,sales@arcelormittalkentwire.co.uk,Bar UK
ArcelorMittal Kent Wire Limited T\A AMCS,amcs.uk.net,David@amcs.uk.net,Cares UK
ArcelorMittal Kryvyi Rih PJSC,arcelormittal.com,bogdan.shushpanov@arcelormittal.com,Cares UK
ArcelorMittal Warszawa Sp z o.o.,arcelormittal.com,Agnieszka.kubacka@arcelormittal.com,Cares UK
Atlas-Blech-Center Steel (AT),www.abcsteel.at,,Eurometal
Austria: Fachverband Bergwerke und Stahl,,,Eurofer
Ayes Dilovasi Factory,ayescelik.com,ebenlioglu@ayescelik.com,Cares UK
AÇOMEFER,www.acomefer.pt,,Eurometal
BARTEC,bartec.eu,a.cuq@bartec.eu,Cares UK
BBR Construction Systems Pte Ltd,bbr.com.sg,cheong.wj@bbr.com.sg,Cares UK
BCD Civil Engineering,bcdsteel.ie,john@bcdsteel.ie,Cares UK
BELMETAL (BE),www.belmetal.be,,Eurometal
BES Brandenburger Elektrostahlwerke GmbH,rivagroup.com,christian.schwalbe@rivagroup.com,Cares UK
BRC (Mansfield) Limited,brc.ltd.uk,Gary.smith@brc.ltd.uk,Cares UK
BRC (Newhouse) Limited,brc.ltd.uk,helen.cree@brc.ltd.uk,Cares UK
BRC (Newport) Limited,brc.ltd.uk,gary.smith@brc.ltd.uk,Cares UK
BRC (Southampton) Limited,rom.co.uk,mick.whyte@rom.co.uk,Cares UK
BRC Asia Limited (JBL),brc.com.sg,poh.cheeheong@brc.com.sg,Cares UK
BRC Ltd,brc.ltd.uk,enquiries@brc.ltd.uk,Bar UK
BRC McMahon Reinforcements Ltd,brcmcmahon.com,fcreegan@brcmcmahon.com,Cares UK
BRC Prefab Holdings Sdn Bhd,brcprefab.com,tim.chiacheng@brcprefab.com,Cares UK
BRC Weldmesh (Gulf) WLL,brcgulf.com,marwan@brcgulf.com,Cares UK
BSW - Badische Stahlwerke GmbH,bsw-kehl.de,info@bsw-kehl.de,Eurofer
Badische Drahtwerke GmbH,bdw-kehl.de,ralf.haeussler@bdw-kehl.de,Cares UK
Badische Stahlwerke GmbH,bsw-kehl.de,maximilian.rank@bsw-kehl.de,Cares UK
Balfour Beatty Ground Engineering,balfourbeatty.com,chris.wilson@balfourbeatty.com,Cares UK
Barnfather Wire (Midlands) Ltd.,barnfatherwire.co.uk,richard@barnfatherwire.co.uk,Cares UK
Becker Stahl Service (DE),www.becker-stahl-service.de,,Eurometal
Belgium: Groupement de la Sidérurgie asbl,steelbel.be,,Eurofer
Benxi Beiying Iron & Steel (Group) Co. Ltd.,163.com,zgtianweida@163.com,Cares UK
Betomax Neuss / Betomax Halle,betomax.de,gpuettmann@betomax.de,Cares UK
Boswell Rod & Wire Ltd,btinternet.com,paultod@btinternet.com,Cares UK
Brazil & Co. (Steel) Ltd. T\A Fairyhouse Steel,fairyhousesteel.ie,austin.mcmahon@fairyhousesteel.ie,Cares UK
British Steel Scunthorpe,britishsteel.co.uk,niamh.worley@britishsteel.co.uk,Cares UK
Bulgaria: BAMI - Bulgarian Association of the Metallurgical Industry,,,Eurofer
Burghardt + Schmidt,b-s-germany.de,,Eurometal
CAPREMIB,capremib.fr,mcguillemont@capremib.fr,Cares UK
CCL (GB) Ltd,cclint.com,swilson@cclint.com,Cares UK
CCL Stressing Systems Ltd.,cclint.com,swilson@cclint.com,Cares UK
CELSA ATLANTIC Long Products,celsaatlantic.com,jramarey@celsaatlantic.com,Cares UK
CELSA Armeringsstål AS,celsanordic.com,vegard.strand@celsanordic.com,Cares UK
CELSA France,celsafrance.com,SDUMORA@celsafrance.com,Cares UK
CELSA Group,gcelsa.com,info@gcelsa.com,Eurofer
CES Precast Pte Ltd,chipengseng.com.sg,shwesinwin.pyae@chipengseng.com.sg,Cares UK
CMC Deustschland,www.cmc.com,,Eurometal
CMC Poland,cmc.com,,Eurofer
COMET Group,www.cometgroup.be,,Eurometal
CONADIAC,www.conadiac.org.mx,,Eurometal
CONSTRUCT - Concrete Structures Group,construct.org.uk,enquiries@construct.org.uk,Bar UK
Cargill International Trading,www.cargill.com,,Eurometal
Cebitas Demir Celik End AS,cebitas.com.tr,ozkan.odun@cebitas.com.tr,Cares UK
Central ReBar Ltd.,hy-ten.co.uk,central@hy-ten.co.uk,Cares UK
Chadwicks / Heiton Steel Castlebar,chadwicks.ie,MICHAEL.MCMANAMON@CHADWICKS.IE,Cares UK
Cofralux,www.cofralux.com,,Eurometal
Cogne Acciai Speciali S.p.a.,cogne.com,federico.gregori@cogne.com,Cares UK
Coil Pro (BE),coilpro.be,,Eurometal
Colakoglu Metalurji A.S.,colakoglu.com.tr,dtaskiran@colakoglu.com.tr,Cares UK
Collins Reinforcements Ltd,rebar.co.uk,mc@rebar.co.uk,Cares UK
Comet Trading SA,comet-trading.com,ann.collins@comet-trading.com,Cares UK
Compañia Española de Laminación,gcelsa.com,rcejas@gcelsa.com,Cares UK
Conares Metal Supply Ltd (Rebar Mill Division),conares.com,ramesh.s@conares.com,Cares UK
Concrete Innovators Co. Pte Ltd,coninco.com.sg,kelvin.tee@coninco.com.sg,Cares UK
Conti 7,www.conti7.be,,Eurometal
Conti-Lines,www.contilines.be,,Eurometal
Crosbe,crosbe.com,Luciano@crosbe.com,Cares UK
Czech Republic: Ocelarska Unie - Czech Steel Union,,,Eurofer
DM-Stahl (DE),www.dm-stahl.de,,Eurometal
DYWIDAG Ltd,dywidag.com,gary.whiteman@dywidag.com,Cares UK
Daehan Steel Co.,idaehan.com,mhoh@idaehan.com,Cares UK
Decomo S.A. - Mouscron,decomo.be,kristof.soenen@decomo.be,Cares UK
Deutsche Edelstahlwerke,dew-stahl.com,,Eurofer
Dextra Manufacturing - UK,dextragroup.com,rgoodman@dextragroup.com,Bar UK
Diler Iron and Steel Co Inc,dilerhld.com,MuratGuney@dilerhld.com,Cares UK
Dominick Lydon (Galway) Ltd,dominiclydon.ie,derek@dominiclydon.ie,Cares UK
Dongkuk Steel Incheon Factory,dongkuk.com,jungho1.kim@dongkuk.com,Cares UK
Dongkuk Steel Pohang Factory,dongkuk.com,jeongkwan.kim@dongkuk.com,Cares UK
Duferco Group,duferco.com,,Eurofer
Duferco UK Ltd,dith.com,david.mann@dith.com,Cares UK
Dyfed Reinforcements,dyfedreinforcements.co.uk,mikec@dyfedreinforcements.co.uk,Cares UK
Dynahurst Ltd,dynahurst.com,gemma@dynahurst.com,Cares UK
EKINCILER DEMIR VE CELIK SAN.A.Ş,ekincilerdc.com,thuyukpinar@ekincilerdc.com,Cares UK
ELASTRON (GR),www.elastron.gr,,Eurometal
EMW Stahl-Service-Center (DE),www.emw-stahlservice.de,,Eurometal
ENGINEERED REINFORCING STEEL INDUSTRIES UK LIMITED,ersigroup.com,veugui@ersigroup.com,Cares UK
EPS Steels Ltd - Head Office,epssteels.co.uk,bc@epssteels.co.uk,Cares UK
ERICO Europa (GB) Ltd,erico.com,mallen@erico.com,Bar UK
ERICO Europe B.V. (a nVent company),nvent.com,Dennis.Dingemans@nVent.com,Cares UK
ESL Steel Limited,vedanta.co.in,umeshkumar.ranjan@vedanta.co.in,Cares UK
El Marakby Steel,elmarakbysteel.com,Saied.Soliman@elmarakbysteel.com,Cares UK
Elastron,www.elastron.gr,,Eurometal
Ellis Steel Group Limited,ellissteelgroup.co.uk,steph@ellissteelgroup.co.uk,Cares UK
Emirates Steel LLC,anieuae.com,hse.esl@anieuae.com,Cares UK
Erico Limited (EFS),nvent.com,lo.yukhoi@nvent.com,Cares UK
Essen Steel Industry LLC,essensteel.com,shrivastava.vyomkesh@essensteel.com,Cares UK
Eusider Trading,www.eusidertrading.com,,Eurometal
Explore Manufacturing,laingorourke.com,mfinbow@laingorourke.com,Cares UK
Express Reinforcements Ltd,expressreinforcements.co.uk,neath@expressreinforcements.co.uk,Bar UK
F Brazil Reinforcements Limited (Thorn Street),fbrazilreinforcements.co.uk,j.fitzgerald@fbrazilreinforcements.co.uk,Cares UK
FALK Bouwsystemen B.V.,falkbouwsystemen.nl,Arie@falkbouwsystemen.nl,Cares UK
FC Civils Solutions Limited (FCCS),fccivilssolutions.com,zcaglar@fccivilssolutions.com,Cares UK
FER Celik Company,fercelik.com,batuhan@fercelik.com,Cares UK
FFDM,www.ffdm.fr,,Eurometal
Fapricela Industria de Trefilaria,fapricela.pt,n.batista@fapricela.pt,Cares UK
Fender Steel Ltd.,gmail.com,julianarrand@gmail.com,Cares UK
Feralpi Siderurgica SPA,it.feralpigroup.com,alessandro.milan@it.feralpigroup.com,Cares UK
Ferona,www.ferona.cz,,Eurometal
Ferona (CZ),www.ferona.cz,,Eurometal
Ferriere Nord's Osoppo Production Site,pittini.it,cristiano.ascanio@pittini.it,Cares UK
FerroMac Europe,ferromac.com,,Eurometal
Finland: Metallinjalostajat - Association of the Finnish Steel and Metal Producers,,,Eurofer
Foregale Ltd,foregale.co.uk,tim.scott@foregale.co.uk,Cares UK
Fosroc International Limited,fosroc.com,Jonathan.potter@fosroc.com,Cares UK
France: Alliance des Minerais Minéraux et Métaux - A3M,,,Eurofer
GFG Alliance-Liberty Steel,libertyhousegroup.com,,Eurofer
Gallega de cordones y alambres,galcore.es,juan@galcore.es,Cares UK
Georgsmarienhütte Group,gmh-gruppe.de,,Eurofer
Geosteel LLC,geosteel.com.ge,rpal@geosteel.com.ge,Cares UK
Global Consolidated Contractors (International) Ltd,gcc-intl.com,holly.piggott@gcc-intl.com,Cares UK
Global Special Steel Products SAU (Tycsa PSC),tycsa.com,icano@tycsa.com,Cares UK
Global Steel Wire,globalsteelwire.com,bloma@globalsteelwire.com,Cares UK
Grannell Steel Limited,grannell.co.uk,patrick@grannell.co.uk,Cares UK
Greece: Hellenic Steelmakers Union - ENXE,,,Eurofer
Green Piling Ltd,greenpiling.co.uk,adrian.kay@greenpiling.co.uk,Cares UK
GreenSteel SL,www.taiichio-wolf.com,,Eurometal
Grosjean Steel Trading,grosjeansteeltrading.com,,Eurometal
Guangdong Zhongnan Iron & Steel Co.,baosteel.com,A32645@baosteel.com,Cares UK
Guangxi Iron and Steel Group Company Limited,139.com,13707825097@139.com,Cares UK
Gulf Steel Industries,emirates.net.ae,glfsteel@emirates.net.ae,Cares UK
Gökmetal,gokmetal.com.tr,,Eurometal
Gökmetal (TR),gokmetal.com.tr,,Eurometal
HABAS SINAI VE TIBBI GAZLAR ISTIHSAL ENDUSTRISI A.S. (HABAS A.S),habas.com.tr,orhan.saman@habas.com.tr,Cares UK
HL Building Materials Pte Ltd (R3 Precast) UEN: 199206970H,bmg.hla-grp.com,cliffordkanggat@bmg.hla-grp.com,Cares UK
Heinrich Georg Maschinenfabrik,www.georg.com/de,,Eurometal
Heinrich Schütt  (DE),www.heinrich-schuett.de/schuett-stahl-service-center-gelsenkirchen.php,,Eurometal
Heiton Steel,heitonsteel.ie,aidan.butler@heitonsteel.ie,Cares UK
Heiton Steel Cork,heitons.ie,ivan.holden@heitons.ie,Cares UK
Heiton Steel Limerick,chadwicks.ie,brian.doherty@chadwicks.ie,Cares UK
Heiton Steel Waterford,heitons.ie,mark.omahony@heitons.ie,Cares UK
Hellenic Halyvourgia,hlv.gr,info@hlv.gr,Eurofer
Hickman and Love Limited,hickmanandlove.co.uk,quality@hickmanandlove.co.uk,Cares UK
Hickman and Love Limited - (Fountain Lane Depot),hickmanandlove.co.uk,quality@hickmanandlove.co.uk,Cares UK
High Street Manufacturing Inc,steelasia.com,kcenriquez@steelasia.com,Cares UK
Hoa Phat Dung Quat Steel JSC,hoaphat.com.vn,maivanha@hoaphat.com.vn,Cares UK
Huzhou Shengtelong Metal Product Co.,qq.com,798447580@qq.com,Cares UK
Hy-Ten Ireland Ltd,hy-ten.co.uk,h.murphy@hy-ten.co.uk,Cares UK
Hy-Ten Ltd,hy-ten.co.uk,l.birchall@hy-ten.co.uk,Cares UK
Hy-Ten Welded Mesh Company,hy-ten.co.uk,sc@hy-ten.co.uk,Cares UK
Hydnum Steel,hydnumsteel.com,,Eurometal
IC Global Supplies PTE,icglobal-supplies.com,ruethairat@icglobal-supplies.com,Cares UK
ICDAS Celik Enerji Tersane Ve Ulasim Sanayi A.S.,icdas.com.tr,mustafa.balci@icdas.com.tr,Cares UK
INHUS Prefab JSC,inhus.eu,a.norkus@inhus.eu,Cares UK
ISTA,www.ista-steel.com,,Eurometal
Instarmac Group PLC,instarmac.co.uk,shama@instarmac.co.uk,Cares UK
Ischebeck Inform UK,informuk.co.uk,trevor.larkin@informuk.co.uk,Bar UK
Italy: Federacciai,,,Eurofer
Iton-Seine SAS,rivagroup.com,abbes.hilali@rivagroup.com,Cares UK
Izmir Demir Celik Sanayi A.S.,izdemir.com.tr,s.gulseven@izdemir.com.tr,Cares UK
JINDAL STEEL & POWER LTD,jindalsteel.com,kaushik.dey@jindalsteel.com,Cares UK
Jadeela Steel Industries,jadeelasteel.com,hamdy.mohamed@jadeelasteel.com,Cares UK
James Street Steel,jss.ie,sean@jss.ie,Cares UK
Japmas Steel Sdn Bhd,lcgjapmas.com,henrylim@lcgjapmas.com,Cares UK
Jiangsu Province Binxin Steel Group Co.,126.com,sds12306@126.com,Cares UK
Jiangsu Shagang Group Co. Ltd.,shagangintl.com,wujiayun@shagangintl.com,Cares UK
Jiangsu Yonggang Group Co. Ltd,yong-gang.com,bobwang@yong-gang.com,Cares UK
Jiangyin Fasten Steel Products Co.,chinafasten.com,taojianchun@chinafasten.com,Cares UK
Jiangyin Xicheng Steel Co. Ltd,qq.com,shanshujin@qq.com,Cares UK
KASTO Maschinenbau,www.kasto.com/de/startseite.html,,Eurometal
KB Rebar Ltd.,rebar.co.uk,mc@rebar.co.uk,Cares UK
Kam Steel Integrated Company Ltd,kamholding.net,sk.moitra@kamholding.net,Cares UK
Kaptan Demir Celik Endustrisi Ve Ticaret A.S,kaptandemir.com.tr,cciritci@kaptandemir.com.tr,Cares UK
Kaptan Demir Celik Endustrisi Ve Ticaret A.S.,kaptandemir.com.tr,cciritci@kaptandemir.com.tr,Cares UK
Kardemir Celik Sanayi A.S.,kar-demir.com.tr,ersin@kar-demir.com.tr,Cares UK
Khalifa Steel Industries W.L.L.,khalifasteel.com,fathi@khalifasteel.com,Cares UK
Kingscote Post-tensioning Ltd (Part of the Morrisroe Group.),morrisroe.co.uk,stuart.martin@morrisroe.co.uk,Cares UK
Klöckner & Co,www.kloeckner.com,,Eurometal
Knauf Interfer,www.knauf-interfer.de/home.html,,Eurometal
Knauf Interfer SSC (DE),www.knauf-interfer.de/home.html,,Eurometal
Kocaer Steel UK Ltd,kocaersteel.com,salih.kurtoglu@kocaersteel.com,Cares UK
Kovintrade,www.kovintrade.com,,Eurometal
Kroman Celik Sanayii A.S.,kromancelik.com.tr,Ali.Ozturk@kromancelik.com.tr,Cares UK
Kromat Trading Ltd,kromat.com,sb@kromat.com,Cares UK
Kübler HeizWerk,www.kuebler-hallenheizungen.de/de,,Eurometal
L M Products Limited,lmproducts.co.uk,Alex@lmproducts.co.uk,Cares UK
Lemon Groundwork Solutions Ltd,lemon-gs.co.uk,james.gleadell@lemon-gs.co.uk,Cares UK
Leviat Ltd,ancon.co.uk,ALennox@ancon.co.uk,Cares UK
Leviat Sdn. Bhd,leviat.com,rozita.mohamadyunus@leviat.com,Cares UK
Liberty Steel,libertysteelgroup.com,mark.hesling@libertysteelgroup.com,Cares UK
LinkStud PSR LTD,brooksforgings.co.uk,l.grosvenor@brooksforgings.co.uk,Cares UK
London Metal Exchange,www.lme.com,,Eurometal
Loveld NV,loveld.com,jo@loveld.com,Cares UK
M7 Metals AG (UK),m7metals.com,zack.newman@m7metals.com,Cares UK
MAFE,www.mafe2000.hu,,Eurometal
MAKLADA Groupe,maklada.com,rahma.youssef@maklada.com,Cares UK
MASTERSON HOLDINGS,getjar.co.uk,andrew.chowings@getjar.co.uk,Cares UK
MCB (NL),www.mcb.nl,,Eurometal
MCB International,www.mcb-international.nl,,Eurometal
MEGASA Group,megasa.com,,Eurofer
Manuchar Steel,www.manuchar.com,,Eurometal
Marcegaglia Carbon Steel (IT),www.marcegaglia.com,,Eurometal
Marcegaglia Carbon Steel S.p.A. - Ravenna Plant,marcegaglia.com,michele.manaresi@marcegaglia.com,Cares UK
Marcegaglia Carbon Steel S.p.A. Casalmaggiore,marcegaglia.com,guido.moreschi@marcegaglia.com,Cares UK
Marcegaglia Carbon Steel S.p.A. Dusino Plant,marcegaglia.com,diego.cottino@marcegaglia.com,Cares UK
Marcegaglia Stainless Sheffield LTD. (ASR Rod Mill & Sheffield Stainless Bar),marcegaglia.com,Robert.Cutts@marcegaglia.com,Cares UK
Marcegaglia Stainless Sheffield LTD. (Sheffield Stainless Bar),marcegaglia.com,Robert.Cutts@marcegaglia.com,Cares UK
Marinho Steel,www.marinhosteel.com,,Eurometal
Maroc Fer,marocfer.com,o.charfi@marocfer.com,Cares UK
Max Frank Ltd,maxfrank.co.uk,a.starkey@maxfrank.co.uk,Cares UK
Megamalla S.L.,megasa.es,batienza@megasa.es,Cares UK
Megasa Siderúrgica SL,megasa.es,batienza@megasa.es,Cares UK
Megasider Zaragoza,megasa.es,jmgranados@megasa.es,Cares UK
Megasteel Ltd,megasteel.co.uk,admin@megasteel.co.uk,Cares UK
Mescier Demir Celik Sanayi ve Ticaret. A.S,mescier.com.tr,cagri.aloglu@mescier.com.tr,Cares UK
Metais Jaime Dias,www.mjd.pt,,Eurometal
Metalogalva,metalogalva.pt/en,,Eurometal
Metinvest Europe,metinvestholding.com,,Eurofer
Metinvest Western Europe,www.metinvestholding.com/en,,Eurometal
Mi-King (CZ),www.mi-king.cz,,Eurometal
Midland Steel Reinforcement Supplies UK Ltd,midlandsteeluk.com,stuart@midlandsteeluk.com,Cares UK
Minova International Limited,minovaint.com,lee.hudson@minovaint.com,Cares UK
Modern Steel Mills LLC,modernsteeloman.com,msm@modernsteeloman.com,Cares UK
Moore Concrete Products Ltd,moore-concrete.com,Neil.moore@moore-concrete.com,Cares UK
Mugafil S.A.,mugafil.com,ibon@mugafil.com,Cares UK
Mullinsallagh Ltd T/A OBConstruction & Eden Fabrications,edenfabrications.com,niamh.mcatamney@edenfabrications.com,Cares UK
Muscat Steel Industries Co LLC,gmail.com,muscatsteel@gmail.com,Cares UK
Muscat Steel Melting Co LLC,muscatsteel.com,sreedhar@muscatsteel.com,Cares UK
NASS,www.nass.org.uk,,Eurometal
NLMK Europe,nlmk.com,,Eurofer
NLMK Europe SSC (EU),eu.nlmk.com/en,,Eurometal
NatSteel Holdings Pte Ltd,natsteel.com.sg,NKLOON@natsteel.com.sg,Cares UK
National Steel Company Ltd (Dammam,altuwairqi.com,dowla@altuwairqi.com,Cares UK
Neotrex Steel Limited.,jsw.in,sreenivasa.reddy@jsw.in,Cares UK
Novus Precast Pty Ltd,novusprecast.com.au,norm@novusprecast.com.au,Cares UK
O.R.I. Martin Spa - Ospitaletto,orimartin.it,sara.cosci@orimartin.it,Cares UK
OPR Services Ltd & Haddon Metals DMCC,oprgroup.co.uk,oroe@oprgroup.co.uk,Cares UK
Officine Tecnosider,officinetecnosider.it,aoliva@officinetecnosider.it,Cares UK
Olifer S.R.L.,olifer.it,m.tonni@olifer.it,Cares UK
Osman Sonmez Insaat Taahhut Ticaret,habas.com.tr,tuna.beydogan@habas.com.tr,Cares UK
Outokumpu Oyj,outokumpu.com,,Eurofer
POSCO Europe,www.posco.com,,Eurometal
PPI Engineering Pte Ltd,coninco.com.sg,kelvin.tee@coninco.com.sg,Cares UK
PPI Engineering Systems Pte Ltd,coninco.com.sg,senthil@coninco.com.sg,Cares UK
PRAETER Engineering Limited,praeterengineering.co.uk,suren@praeterengineering.co.uk,Cares UK
PRIMEX Steel Trading (Spaeter Group),www.primex-steel.de,,Eurometal
PUDS,www.puds.pl,,Eurometal
Pesmel Corporation,pesmel.com/industry/metal-industry,,Eurometal
Phoenix Specialist Contracting Ltd,phoenixsc.co.uk,alistair@phoenixsc.co.uk,Cares UK
Poland: HIPH - Polish Steel Association,,,Eurofer
Presider Armatures Sas,it.feralpigroup.com,giorgio.oprandi@it.feralpigroup.com,Cares UK
Qatar Steel Company FZE,qatarsteel.ae,manoj@qatarsteel.ae,Cares UK
RCG,rcg-ag.com,,Eurometal
RCT Stevedoring,www.rct-stevedoring.com,,Eurometal
RFA-TECH Limited,rom.co.uk,michael.whyte@rom.co.uk,Cares UK
RFA-Tech Ltd,rfa-tech.co.uk,sales@rfa-tech.co.uk,Bar UK
ROM Group Limited,gcelsa.com,Alan.vincent@gcelsa.com,Cares UK
ROM UK Ltd,rom.co.uk,sales@rom.co.uk,Bar UK
ROMTECH Ltd.,rom-tech.co.uk,rodney_morrow@rom-tech.co.uk,Cares UK
ROMTECH Ltd.,rom.co.uk,kevin_lloyd@rom.co.uk,Cares UK
RSJ Steels (Lincoln) Ltd.,hotmail.com,andystaf@hotmail.com,Cares UK
Raajratna Metal Industries Ltd.,raajratna.com,abpagar@raajratna.com,Cares UK
Rainham Steel Company Limited,rainhamsteel.co.uk,bryan@rainhamsteel.co.uk,Cares UK
Rainham Steel Company Ltd,rainhamsteel.co.uk,bryan.lawrence@rainhamsteel.co.uk,Cares UK
Red Sea Steel Co. Ltd,redseasteel.sa,allan@redseasteel.sa,Cares UK
Reinforcement Solutions Ltd,total-group.co.uk,john.Gilby@total-group.co.uk,Cares UK
Reinforcement Solutions Ltd (Site E),total-group.co.uk,john.Gilby@total-group.co.uk,Cares UK
Resourex,resourex.com,,Eurometal
Ribar Industries Pte Ltd,ribar.sg,yeohocklim@ribar.sg,Cares UK
Riva Forni Elettrici S.p.A.,rivagroup.com,,Eurofer
Rockcheck Steel Group Co.Ltd,163.com,yuanzicheng2006@163.com,Cares UK
Rodacciai S.p.A.,rodacciai.com,alessandro.alcamo@rodacciai.com,Cares UK
Rom Limited,rom.co.uk,michael.whyte@rom.co.uk,Cares UK
Romania: Romanian Steel Producer Union (UniRomSider),,,Eurofer
Ronly Ltd,ronly.com,daniel.costanzo@ronly.com,Cares UK
S W Steel Trading Ltd,southwalessteel.co.uk,richard@southwalessteel.co.uk,Cares UK
SAM Montereau S.A.S,rivagroup.com,baptiste.boisseau@rivagroup.com,Cares UK
SHIU Wing Steel Limited,shiuwingsteel.com,kilian@shiuwingsteel.com,Cares UK
SIDMA Steel,sidma.gr,,Eurometal
SIDMA Steel (GR),sidma.gr,,Eurometal
SIJ Slovenian Steel Group,sij.si,,Eurofer
SIKA Ltd,uk.sika.com,hassan.tariq@uk.sika.com,Cares UK
SLC,www.slc-wien.at,,Eurometal
SN Maia - Siderurgia Nacional,megasa.pt,acanelas@megasa.pt,Cares UK
SOLB Steel Company,solbsteel.com,ahmed.ramadan@solbsteel.com,Cares UK
SPA Algerian Qatari Steel AQS,aqs.dz,ahmed.bouakkaz@aqs.dz,Cares UK
SSAB AB,ssab.com,,Eurofer
SSAB Swedish Steel,ssab.com,,Eurometal
SSHV,www.sshv.ch,,Eurometal
STAHLO Stahlservice (DE),www.stahlo.de,,Eurometal
Saarstahl AG,saarstahl.com,saarstahl@saarstahl.com,Eurofer
Salalah Steel Industries Co LLC,salalahsteel.com,volkan@salalahsteel.com,Cares UK
Salzgitter AG,salzgitter-ag.com,info@salzgitter-ag.com,Eurofer
Salzgitter Mannesmann Stahlservice (DE),www.salzgitter-ssc.de,,Eurometal
Shanxi Taigang Stainless Steel Co. Ltd.,baowugroup.com,yuangang_hk7142@baowugroup.com,Cares UK
Shattaf Steel Ind. Co. LLC,shattafsteel.ae,qc@shattafsteel.ae,Cares UK
Shay Murtagh Precast Ltd.,shaymurtagh.com,donal@shaymurtagh.com,Cares UK
Siddall & Hilton Products Limited,sandhp.com,jharrison@sandhp.com,Cares UK
Sidenor SA - Greece,sidenor.com,info@sidenor.com,Eurofer
Siderurgica Sevillana. S.A,rivagroup.com,carlos.sanchez@rivagroup.com,Cares UK
Silva Global Pty Ltd,silva-global.com,info@silva-global.com,Cares UK
Silvery Dragon Prestressed Materials Co,yinlong.com,yuxia@yinlong.com,Cares UK
Siteright Construction Supplies Limited,siteright.net,stevenl@siteright.net,Cares UK
Solb Tihama Steel Products Company,solbtihama.com,m.arsalan@solbtihama.com,Cares UK
Sovel S.A,sidenor.gr,amast@sidenor.gr,Cares UK
Soybaş Demir Çelik,www.soybas.com,,Eurometal
Spain: UNESID - Spanish Steel Association,,,Eurofer
Stahl- und Walzwerk Marienhütte GmbH,marienhuette.at,office@marienhuette.at,Eurofer
Stahlwerk Thüringen GmbH,,,Eurofer
Stainless UK Limited,stainless-uk.co.uk,michael.booth@stainless-uk.co.uk,Cares UK
Stanley Wire Ltd,stanleywire.co.uk,henry@stanleywire.co.uk,Cares UK
Steel Asia Manufacturing Corporation,steelasia.com,maenriquez@steelasia.com,Cares UK
Steel Mac Distribution (SMD) Ltd,steelmacdistribution.com,james@steelmacdistribution.com,Cares UK
Steeldip,steeldip.com,,Eurometal
Steelforce,www.steelforce.eu,,Eurometal
Steelinvest,www.steelinvest.be,,Eurometal
Steelinvest Limited,steelinvest-group.com,ddb@steelinvest-group.com,Cares UK
Steelmont,www.steelmont.de,,Eurometal
Steeltrax,steeltrax.pt,,Eurometal
Steenhuis Beton B.V.,steenhuisbeton.nl,a.holtkamp@steenhuisbeton.nl,Cares UK
Stemcor,www.stemcor.com,,Eurometal
Stemcor Distribution,www.stemcor.com,,Eurometal
Stemcor Distribution Ltd T/A Eurosteel Products and Samac Steel Supplies,stemcor.com,Nathalie.phillips@Stemcor.com,Cares UK
Store Steel,store-steel.si,info@store-steel.si,Eurofer
Stål og Metallgrossistenes Forening (NO),www.stalforbund.no/medlemsforetak/stal-og-metallgrossistenes-forening,,Eurometal
Stål- och Metallföreningen (SE),www.branschkansliet.se,,Eurometal
Stålforeningen (DK),www.branchehuset.dk/staalforeningen.php,,Eurometal
Sulb Company B.S.C. Closed,sulb.com.bh,robert.east@sulb.com.bh,Cares UK
Super Bend PTE Ltd,superbend.com,kt@superbend.com,Cares UK
Suretec Products Ltd,suretecproductsltd.co.uk,paul@suretecproductsltd.co.uk,Cares UK
Sweden: Jernkontoret - The Swedish Steel Producers' Association,jernkontoret.se,office@jernkontoret.se,Eurofer
TATA Steel Manufacturing (Thailand) Branch no TSMT04,tatasteelthailand.com,anothait@tatasteelthailand.com,Cares UK
TATA Steel Manufacturing (Thailand) Public Company Limited,tatasteelthailand.com,surasakc@tatasteelthailand.com,Cares UK
TRASTEEL International SA,trasteel.com,matteo.delcarratore@trasteel.com,Cares UK
TRAVI E PROFILATI DI PALLANZENO S.p.A.,dufercotp.com,g.guerrini@dufercotp.com,Cares UK
Tata Steel Distribution (UK) & (IR),www.tatasteeleurope.com,,Eurometal
Tata Steel Distribution Mainland (EU),www.tatasteeleurope.com,,Eurometal
Tata Steel Distribution UK,www.tatasteeleurope.com,,Eurometal
Tata Steel Holding Netherlands BV,,,Eurofer
Tata Steel IJmuiden,www.tatasteeleurope.com,,Eurometal
Tekninen Kauppa (FI),www.tekninen.fi,,Eurometal
Terwa,terwa.com,a.munteanu@terwa.com,Cares UK
Thames Reinforcements Ltd.,thamesreinforcements.com,luke.howell@thamesreinforcements.com,Cares UK
Thames Specialist Services,thamesreinforcements.com,becky.may@thamesreinforcements.com,Cares UK
The Siam Industrial Wire Co. Ltd,siw.co.th,pusit_j@siw.co.th,Cares UK
ThoRe Steel Trading,www.thore-steel.de,,Eurometal
Toscelik Profil ve Sac End. A.S (Osmaniye,toscelik.com.tr,hasan.baloglu@toscelik.com.tr,Cares UK
Tosyali Algerie Fer Et Acier,tosyalialgeria-spa.com,Mohammed.Benmbarek@tosyalialgeria-spa.com,Cares UK
Tosyali Filmasin ve Insaat Demiri A.S (Osmaniye,toscelik.com.tr,Bahri.ikiz@toscelik.com.tr,Cares UK
Tosyali Metalurji Industry Co.,tosyalimetalurji.com.tr,Serkan.dolapcioglu@tosyalimetalurji.com.tr,Cares UK
Total Construction Supplies (Northern) Ltd (SiteD),total-group.co.uk,john.Gilby@total-group.co.uk,Cares UK
Total Construction Supplies (Processing) Ltd (Site E),total-group.co.uk,John.gilby@total-group.co.uk,Cares UK
Total Construction Supplies Limited,total-group.co.uk,finbarr.lynch@total-group.co.uk,Bar UK
Total Construction Supplies Limited (SiteA),total-group.co.uk,john.Gilby@total-group.co.uk,Cares UK
Trinecke Zelezarny AS,trz.cz,podatelna@trz.cz,Eurofer
Tunley Rod & Bar (Decoilers) Ltd,tunleyrod.co.uk,glenn@tunleyrod.co.uk,Cares UK
U.S. Steel Kosice,,,Eurofer
"UAB ""Litspringas""",litspringas.com,tech@Litspringas.com,Cares UK
UAHE,uahe.es,,Eurometal
VAS Group Nghi Son Joint Stock Company,vasgroup.vn,trangtvh@vasgroup.vn,Cares UK
VSC Construction Steel Solutions Ltd,vschk.com,jason.lim@vschk.com,Cares UK
VSC Steel Company Limited,vschk.com,jason.lim@vschk.com,Cares UK
VSC Steel Processing Ltd,vschk.com,jason.lim@vschk.com,Cares UK
VSEMH,www.vsemh.ch,,Eurometal
VSL Singapore PTE Ltd.,vsl.com,boonleong.yeo@vsl.com,Cares UK
VSL Systems (UK) Ltd,vsl.com,manuela.carreiras@vsl.com,Cares UK
Vale International,www.vale.com,,Eurometal
Van Heyghen Staal (BE) & (PL),www.vanheyghenstaal.be,,Eurometal
Vanilla Steel,www.vanillasteel.com,,Eurometal
Vantage Steel Group,vantagesteelgroup.com,,Eurometal
Vitkovice Steel a.s.,,,Eurofer
Vogten Staal (NL),vogtenstaal.com,,Eurometal
Wai Fong Machinery Pte Ltd,waifongmachinery.com.sg,jennyng@waifongmachinery.com.sg,Cares UK
William King (UK),www.williamking.co.uk,,Eurometal
Wirtschaftsvereinigung Stahl (German Steel Association),wvstahl.de,info@wvstahl.de,Eurofer
YISAD,www.yisad.org.tr,,Eurometal
YISAD (TR),www.yisad.org.tr,,Eurometal
Yametaş,yametas.com.tr,,Eurometal
Yametaş (TR),yametas.com.tr,,Eurometal
itandsp.com,www.itandsp.com,,Eurometal
macroMETAL,www.macrometal.com,,Eurometal
thyssenKrupp AG,thyssenkrupp.com,info@thyssenkrupp.com,Eurofer
van Merksteijn B.V.,van-merksteijn.nl,booijink@van-merksteijn.nl,Cares UK
voestalpine AG,,,Eurofer
Çelik Halat ve Tel Sanayii A.Ş,celikhalat.com.tr,bkuner@celikhalat.com.tr,Cares UK
